[
    {
        "technologyName" : "Python",
        "duration" : 30,
        "timing" : "2-3",
        "fees" : 2500,
        "trainerName" : "Rahul"


    },
    {
        "technologyName" : "Spring",
        "duration" : 40,
        "timing" : "3-4",
        "fees" : 3500,
        "trainerName" : "Arushi"


    },
    {
        "technologyName" : "Angular",
        "duration" : 40,
        "timing" : "11-12",
        "fees" : 3500,
        "trainerName" : "Chandan"


    }
]